run,messages,batch_size,plugin_config,name,avg_byte_throughput,max_arena_size,max_in_use_size,max_mmap_size,close_time
0,large,small,mcap_default,run=0;messages=large;batch_size=small;plugin_config=mcap_default,113921205.51913969,999424,1101888,2367488,0.000672474
0,large,small,mcap_uncompressed,run=0;messages=large;batch_size=small;plugin_config=mcap_uncompressed,112315053.0926131,1003520,1102752,0,0.0006105
0,large,small,mcap_nocrc,run=0;messages=large;batch_size=small;plugin_config=mcap_nocrc,1209341746.965123,999424,1103216,0,0.000594552
0,large,small,mcap_nochunking,run=0;messages=large;batch_size=small;plugin_config=mcap_nochunking,1580977349.1835773,0,28784,0,0.000269142
0,large,small,sqlite_default,run=0;messages=large;batch_size=small;plugin_config=sqlite_default,810188497.9454355,1134592,2167136,0,0.00015473
0,large,small,sqlite_resilient,run=0;messages=large;batch_size=small;plugin_config=sqlite_resilient,343867810.95223767,1134592,2161520,0,0.001527647
0,large,default,mcap_default,run=0;messages=large;batch_size=default;plugin_config=mcap_default,113855511.51909092,999424,1101888,2367488,0.000791866
0,large,default,mcap_uncompressed,run=0;messages=large;batch_size=default;plugin_config=mcap_uncompressed,112427229.43943746,1003520,1102752,0,0.00062202
0,large,default,mcap_nocrc,run=0;messages=large;batch_size=default;plugin_config=mcap_nocrc,1184022621.3245118,999424,1103216,0,0.000613427
0,large,default,mcap_nochunking,run=0;messages=large;batch_size=default;plugin_config=mcap_nochunking,1529341199.8958733,0,28784,0,0.000269083
0,large,default,sqlite_default,run=0;messages=large;batch_size=default;plugin_config=sqlite_default,809522644.1434734,1134592,2167136,0,0.000179451
0,large,default,sqlite_resilient,run=0;messages=large;batch_size=default;plugin_config=sqlite_resilient,114320265.00930595,1134592,2161488,0,0.002402351
0,medium,small,mcap_default,run=0;messages=medium;batch_size=small;plugin_config=mcap_default,117904678.24892312,0,150160,3727360,0.001010663
0,medium,small,mcap_uncompressed,run=0;messages=medium;batch_size=small;plugin_config=mcap_uncompressed,117720514.96403849,606208,351264,1286144,0.000951075
0,medium,small,mcap_nocrc,run=0;messages=medium;batch_size=small;plugin_config=mcap_nocrc,2703698037.1125197,610304,351744,1286144,0.000971067
0,medium,small,mcap_nochunking,run=0;messages=medium;batch_size=small;plugin_config=mcap_nochunking,1151031636.2511826,0,28720,0,0.000292482
0,medium,small,sqlite_default,run=0;messages=medium;batch_size=small;plugin_config=sqlite_default,201069273.87589294,2162688,2166928,0,0.000274505
0,medium,small,sqlite_resilient,run=0;messages=medium;batch_size=small;plugin_config=sqlite_resilient,138913794.1711579,2031616,2161584,0,0.010079177
0,medium,default,mcap_default,run=0;messages=medium;batch_size=default;plugin_config=mcap_default,115438799.89485821,159744,148112,3727360,0.000942704
0,medium,default,mcap_uncompressed,run=0;messages=medium;batch_size=default;plugin_config=mcap_uncompressed,110605629.60854559,274432,149120,1286144,0.000999047
0,medium,default,mcap_nocrc,run=0;messages=medium;batch_size=default;plugin_config=mcap_nocrc,1063266996.4880413,409600,149712,1286144,0.000985622
0,medium,default,mcap_nochunking,run=0;messages=medium;batch_size=default;plugin_config=mcap_nochunking,1120102312.9118485,0,28848,0,0.000291279
0,medium,default,sqlite_default,run=0;messages=medium;batch_size=default;plugin_config=sqlite_default,684410234.5544878,2207744,2167520,0,0.000246746
0,medium,default,sqlite_resilient,run=0;messages=medium;batch_size=default;plugin_config=sqlite_resilient,95328459.78774409,2220032,2161648,0,0.005894311
0,small,small,mcap_default,run=0;messages=small;batch_size=small;plugin_config=mcap_default,27782489.46758992,5586944,4015008,0,0.001209332
0,small,small,mcap_uncompressed,run=0;messages=small;batch_size=small;plugin_config=mcap_uncompressed,27904894.23567925,2158592,1367664,0,0.001242226
0,small,small,mcap_nocrc,run=0;messages=small;batch_size=small;plugin_config=mcap_nocrc,40571570.071653455,2162688,1368048,0,0.001246414
0,small,small,mcap_nochunking,run=0;messages=small;batch_size=small;plugin_config=mcap_nochunking,174757071.39642578,0,29168,0,0.000343635
0,small,small,sqlite_default,run=0;messages=small;batch_size=small;plugin_config=sqlite_default,17087242.35518418,2199552,2166704,0,0.000161857
0,small,small,sqlite_resilient,run=0;messages=small;batch_size=small;plugin_config=sqlite_resilient,17873165.46001227,2187264,2161200,0,0.010100841
0,small,default,mcap_default,run=0;messages=small;batch_size=default;plugin_config=mcap_default,26914519.174652528,5566464,4012704,0,0.001152527
0,small,default,mcap_uncompressed,run=0;messages=small;batch_size=default;plugin_config=mcap_uncompressed,26566638.33373833,2162688,1365312,0,0.001239763
0,small,default,mcap_nocrc,run=0;messages=small;batch_size=default;plugin_config=mcap_nocrc,38592100.11005758,2162688,1365552,0,0.001222568
0,small,default,mcap_nochunking,run=0;messages=small;batch_size=default;plugin_config=mcap_nochunking,176042332.80594906,0,29168,0,0.000259791
0,small,default,sqlite_default,run=0;messages=small;batch_size=default;plugin_config=sqlite_default,42390005.57329715,2191360,2166704,0,0.000148086
0,small,default,sqlite_resilient,run=0;messages=small;batch_size=default;plugin_config=sqlite_resilient,31438877.73374265,2207744,2161200,0,0.002063124
0,mixed,small,mcap_default,run=0;messages=mixed;batch_size=small;plugin_config=mcap_default,42229196.61566091,9547776,5094048,0,0.001309987
0,mixed,small,mcap_uncompressed,run=0;messages=mixed;batch_size=small;plugin_config=mcap_uncompressed,42132626.811118774,5283840,1951712,0,0.001418687
0,mixed,small,mcap_nocrc,run=0;messages=mixed;batch_size=small;plugin_config=mcap_nocrc,210395714.38465643,5283840,1952384,0,0.001385848
0,mixed,small,mcap_nochunking,run=0;messages=mixed;batch_size=small;plugin_config=mcap_nochunking,320389839.8661763,0,29424,0,0.000263559
0,mixed,small,sqlite_default,run=0;messages=mixed;batch_size=small;plugin_config=sqlite_default,50025790.70505755,3276800,2167216,0,0.000157299
0,mixed,small,sqlite_resilient,run=0;messages=mixed;batch_size=small;plugin_config=sqlite_resilient,42329943.95152528,3276800,2161152,0,0.005737572
0,mixed,default,mcap_default,run=0;messages=mixed;batch_size=default;plugin_config=mcap_default,84895608.23959403,9543680,5062000,0,0.001199238
0,mixed,default,mcap_uncompressed,run=0;messages=mixed;batch_size=default;plugin_config=mcap_uncompressed,83050366.56819382,5251072,1919552,0,0.001332649
0,mixed,default,mcap_nocrc,run=0;messages=mixed;batch_size=default;plugin_config=mcap_nocrc,295771665.6559821,5255168,1920272,0,0.00140474
0,mixed,default,mcap_nochunking,run=0;messages=mixed;batch_size=default;plugin_config=mcap_nochunking,827200544.8409396,0,29664,0,0.000257522
0,mixed,default,sqlite_default,run=0;messages=mixed;batch_size=default;plugin_config=sqlite_default,283285305.6535393,3227648,2167472,0,0.000134751
0,mixed,default,sqlite_resilient,run=0;messages=mixed;batch_size=default;plugin_config=sqlite_resilient,88147775.24320337,3227648,2161488,0,0.005737589
1,large,small,mcap_default,run=1;messages=large;batch_size=small;plugin_config=mcap_default,114443485.64419809,999424,1101888,2367488,0.000711532
1,large,small,mcap_uncompressed,run=1;messages=large;batch_size=small;plugin_config=mcap_uncompressed,106260680.15959997,1003520,1102752,0,0.000587393
1,large,small,mcap_nocrc,run=1;messages=large;batch_size=small;plugin_config=mcap_nocrc,1227182895.0579674,999424,1103216,0,0.000584234
1,large,small,mcap_nochunking,run=1;messages=large;batch_size=small;plugin_config=mcap_nochunking,1610126337.966244,0,28784,0,0.0002612
1,large,small,sqlite_default,run=1;messages=large;batch_size=small;plugin_config=sqlite_default,863171798.4870872,1134592,2167136,0,0.000138436
1,large,small,sqlite_resilient,run=1;messages=large;batch_size=small;plugin_config=sqlite_resilient,339140791.3762128,1134592,2161520,0,0.002066874
1,large,default,mcap_default,run=1;messages=large;batch_size=default;plugin_config=mcap_default,114642931.21758318,999424,1101888,2367488,0.00067689
1,large,default,mcap_uncompressed,run=1;messages=large;batch_size=default;plugin_config=mcap_uncompressed,113150604.20300162,1003520,1102752,0,0.000581949
1,large,default,mcap_nocrc,run=1;messages=large;batch_size=default;plugin_config=mcap_nocrc,1198153586.6699445,999424,1103216,0,0.000602128
1,large,default,mcap_nochunking,run=1;messages=large;batch_size=default;plugin_config=mcap_nochunking,1579404645.5384598,0,28784,0,0.00028818
1,large,default,sqlite_default,run=1;messages=large;batch_size=default;plugin_config=sqlite_default,927795113.706918,1134592,2167136,0,0.000166596
1,large,default,sqlite_resilient,run=1;messages=large;batch_size=default;plugin_config=sqlite_resilient,113683809.99997003,1134592,2161488,0,0.002329772
1,medium,small,mcap_default,run=1;messages=medium;batch_size=small;plugin_config=mcap_default,118056889.3847809,0,150160,3727360,0.000920903
1,medium,small,mcap_uncompressed,run=1;messages=medium;batch_size=small;plugin_config=mcap_uncompressed,117513825.65902485,606208,351264,1286144,0.001003191
1,medium,small,mcap_nocrc,run=1;messages=medium;batch_size=small;plugin_config=mcap_nocrc,2704992509.101214,610304,351744,1286144,0.00097775
1,medium,small,mcap_nochunking,run=1;messages=medium;batch_size=small;plugin_config=mcap_nochunking,1166560457.4095056,0,28720,0,0.00026573
1,medium,small,sqlite_default,run=1;messages=medium;batch_size=small;plugin_config=sqlite_default,200196375.5425042,2162688,2166928,0,0.00027182
1,medium,small,sqlite_resilient,run=1;messages=medium;batch_size=small;plugin_config=sqlite_resilient,154268563.4320948,2031616,2161584,0,0.008805918
1,medium,default,mcap_default,run=1;messages=medium;batch_size=default;plugin_config=mcap_default,115825239.51073863,159744,148112,3727360,0.000897651
1,medium,default,mcap_uncompressed,run=1;messages=medium;batch_size=default;plugin_config=mcap_uncompressed,111486547.34388155,274432,149120,1286144,0.001066573
1,medium,default,mcap_nocrc,run=1;messages=medium;batch_size=default;plugin_config=mcap_nocrc,1046329672.5161657,409600,149712,1286144,0.000932769
1,medium,default,mcap_nochunking,run=1;messages=medium;batch_size=default;plugin_config=mcap_nochunking,1133212174.3752177,0,28848,0,0.000262936
1,medium,default,sqlite_default,run=1;messages=medium;batch_size=default;plugin_config=sqlite_default,695661537.4900272,2207744,2167520,0,0.000248266
1,medium,default,sqlite_resilient,run=1;messages=medium;batch_size=default;plugin_config=sqlite_resilient,96682564.19277416,2220032,2161648,0,0.002064208
1,small,small,mcap_default,run=1;messages=small;batch_size=small;plugin_config=mcap_default,27821334.62709961,5586944,4015008,0,0.001178963
1,small,small,mcap_uncompressed,run=1;messages=small;batch_size=small;plugin_config=mcap_uncompressed,27850743.081744105,2158592,1367664,0,0.001222797
1,small,small,mcap_nocrc,run=1;messages=small;batch_size=small;plugin_config=mcap_nocrc,40847234.11488868,2162688,1368048,0,0.00129918
1,small,small,mcap_nochunking,run=1;messages=small;batch_size=small;plugin_config=mcap_nochunking,174443841.4478823,0,29168,0,0.000291832
1,small,small,sqlite_default,run=1;messages=small;batch_size=small;plugin_config=sqlite_default,16945414.923953336,2199552,2166704,0,0.000165325
1,small,small,sqlite_resilient,run=1;messages=small;batch_size=small;plugin_config=sqlite_resilient,17619139.19961376,2187264,2161200,0,0.008339235
1,small,default,mcap_default,run=1;messages=small;batch_size=default;plugin_config=mcap_default,27230863.714795247,5566464,4012704,0,0.001171919
1,small,default,mcap_uncompressed,run=1;messages=small;batch_size=default;plugin_config=mcap_uncompressed,26822600.379455347,2162688,1365312,0,0.001200964
1,small,default,mcap_nocrc,run=1;messages=small;batch_size=default;plugin_config=mcap_nocrc,38500862.194272615,2162688,1365552,0,0.001283385
1,small,default,mcap_nochunking,run=1;messages=small;batch_size=default;plugin_config=mcap_nochunking,175469984.67719948,0,29168,0,0.000264381
1,small,default,sqlite_default,run=1;messages=small;batch_size=default;plugin_config=sqlite_default,42244290.921838336,2191360,2166704,0,0.000145623
1,small,default,sqlite_resilient,run=1;messages=small;batch_size=default;plugin_config=sqlite_resilient,30955800.86851769,2207744,2161200,0,0.0019846
1,mixed,small,mcap_default,run=1;messages=mixed;batch_size=small;plugin_config=mcap_default,42135280.47876311,9547776,5094048,0,0.001307592
1,mixed,small,mcap_uncompressed,run=1;messages=mixed;batch_size=small;plugin_config=mcap_uncompressed,42080528.30880539,5283840,1951712,0,0.001488703
1,mixed,small,mcap_nocrc,run=1;messages=mixed;batch_size=small;plugin_config=mcap_nocrc,210101774.47122172,5283840,1952384,0,0.001389772
1,mixed,small,mcap_nochunking,run=1;messages=mixed;batch_size=small;plugin_config=mcap_nochunking,317502536.00042087,0,29424,0,0.000264022
1,mixed,small,sqlite_default,run=1;messages=mixed;batch_size=small;plugin_config=sqlite_default,49659205.670657694,3276800,2167216,0,0.000156192
1,mixed,small,sqlite_resilient,run=1;messages=mixed;batch_size=small;plugin_config=sqlite_resilient,43455781.624976635,3276800,2161152,0,0.007467047
1,mixed,default,mcap_default,run=1;messages=mixed;batch_size=default;plugin_config=mcap_default,84689593.30505782,9543680,5062000,0,0.001195743
1,mixed,default,mcap_uncompressed,run=1;messages=mixed;batch_size=default;plugin_config=mcap_uncompressed,83081249.1844772,5251072,1919552,0,0.001362974
1,mixed,default,mcap_nocrc,run=1;messages=mixed;batch_size=default;plugin_config=mcap_nocrc,295380393.1480123,5255168,1920272,0,0.001356808
1,mixed,default,mcap_nochunking,run=1;messages=mixed;batch_size=default;plugin_config=mcap_nochunking,822624393.9951167,0,29664,0,0.000291503
1,mixed,default,sqlite_default,run=1;messages=mixed;batch_size=default;plugin_config=sqlite_default,282854433.067911,3227648,2167472,0,0.000162903
1,mixed,default,sqlite_resilient,run=1;messages=mixed;batch_size=default;plugin_config=sqlite_resilient,76317613.31469037,3227648,2161488,0,0.009119641
2,large,small,mcap_default,run=2;messages=large;batch_size=small;plugin_config=mcap_default,114590349.64234613,999424,1101888,2367488,0.000673139
2,large,small,mcap_uncompressed,run=2;messages=large;batch_size=small;plugin_config=mcap_uncompressed,112402772.74360825,1003520,1102752,0,0.000602004
2,large,small,mcap_nocrc,run=2;messages=large;batch_size=small;plugin_config=mcap_nocrc,1226472700.8392413,999424,1103216,0,0.000601725
2,large,small,mcap_nochunking,run=2;messages=large;batch_size=small;plugin_config=mcap_nochunking,1608736862.7328,0,28784,0,0.000269452
2,large,small,sqlite_default,run=2;messages=large;batch_size=small;plugin_config=sqlite_default,822978149.4240938,1134592,2167136,0,0.000139954
2,large,small,sqlite_resilient,run=2;messages=large;batch_size=small;plugin_config=sqlite_resilient,368512963.9489306,1134592,2161520,0,0.002299354
2,large,default,mcap_default,run=2;messages=large;batch_size=default;plugin_config=mcap_default,113712626.09474252,999424,1101888,2367488,0.000679293
2,large,default,mcap_uncompressed,run=2;messages=large;batch_size=default;plugin_config=mcap_uncompressed,112524290.76690747,1003520,1102752,0,0.000587184
2,large,default,mcap_nocrc,run=2;messages=large;batch_size=default;plugin_config=mcap_nocrc,1204359719.8862383,999424,1103216,0,0.000621134
2,large,default,mcap_nochunking,run=2;messages=large;batch_size=default;plugin_config=mcap_nochunking,1577111524.934082,0,28784,0,0.000302325
2,large,default,sqlite_default,run=2;messages=large;batch_size=default;plugin_config=sqlite_default,833382105.8139887,1134592,2167136,0,0.000146347
2,large,default,sqlite_resilient,run=2;messages=large;batch_size=default;plugin_config=sqlite_resilient,115603907.0864227,1134592,2161488,0,0.002569841
2,medium,small,mcap_default,run=2;messages=medium;batch_size=small;plugin_config=mcap_default,117848162.0884042,0,150160,3727360,0.000960318
2,medium,small,mcap_uncompressed,run=2;messages=medium;batch_size=small;plugin_config=mcap_uncompressed,117710113.8283094,606208,351264,1286144,0.001020837
2,medium,small,mcap_nocrc,run=2;messages=medium;batch_size=small;plugin_config=mcap_nocrc,2711654003.8651175,610304,351744,1286144,0.000940354
2,medium,small,mcap_nochunking,run=2;messages=medium;batch_size=small;plugin_config=mcap_nochunking,1165994314.0510552,0,28720,0,0.000266576
2,medium,small,sqlite_default,run=2;messages=medium;batch_size=small;plugin_config=sqlite_default,199791914.71889222,2162688,2166928,0,0.000267807
2,medium,small,sqlite_resilient,run=2;messages=medium;batch_size=small;plugin_config=sqlite_resilient,144932454.26831353,2031616,2161584,0,0.006536571
2,medium,default,mcap_default,run=2;messages=medium;batch_size=default;plugin_config=mcap_default,114897735.57547092,159744,148112,3727360,0.000948799
2,medium,default,mcap_uncompressed,run=2;messages=medium;batch_size=default;plugin_config=mcap_uncompressed,111323339.96243803,274432,149120,1286144,0.001044484
2,medium,default,mcap_nocrc,run=2;messages=medium;batch_size=default;plugin_config=mcap_nocrc,1072821557.5995059,409600,149712,1286144,0.00095369
2,medium,default,mcap_nochunking,run=2;messages=medium;batch_size=default;plugin_config=mcap_nochunking,1143197140.2601545,0,28848,0,0.000291965
2,medium,default,sqlite_default,run=2;messages=medium;batch_size=default;plugin_config=sqlite_default,689844520.7209929,2207744,2167520,0,0.000246528
2,medium,default,sqlite_resilient,run=2;messages=medium;batch_size=default;plugin_config=sqlite_resilient,108573390.75995617,2220032,2161648,0,0.004622086
2,small,small,mcap_default,run=2;messages=small;batch_size=small;plugin_config=mcap_default,27928188.236434642,5586944,4015008,0,0.001181124
2,small,small,mcap_uncompressed,run=2;messages=small;batch_size=small;plugin_config=mcap_uncompressed,27897616.114669006,2158592,1367664,0,0.001210589
2,small,small,mcap_nocrc,run=2;messages=small;batch_size=small;plugin_config=mcap_nocrc,40946301.97938218,2162688,1368048,0,0.001396046
2,small,small,mcap_nochunking,run=2;messages=small;batch_size=small;plugin_config=mcap_nochunking,174519297.39476797,0,29168,0,0.000294123
2,small,small,sqlite_default,run=2;messages=small;batch_size=small;plugin_config=sqlite_default,17196561.3845971,2199552,2166704,0,0.000202799
2,small,small,sqlite_resilient,run=2;messages=small;batch_size=small;plugin_config=sqlite_resilient,17442363.30148896,2187264,2161200,0,0.008117713
2,small,default,mcap_default,run=2;messages=small;batch_size=default;plugin_config=mcap_default,27137043.080415774,5566464,4012704,0,0.001136601
2,small,default,mcap_uncompressed,run=2;messages=small;batch_size=default;plugin_config=mcap_uncompressed,26544789.522453234,2162688,1365312,0,0.001208605
2,small,default,mcap_nocrc,run=2;messages=small;batch_size=default;plugin_config=mcap_nocrc,38093336.454132415,2162688,1365552,0,0.001231742
2,small,default,mcap_nochunking,run=2;messages=small;batch_size=default;plugin_config=mcap_nochunking,175944139.3021855,0,29168,0,0.000262038
2,small,default,sqlite_default,run=2;messages=small;batch_size=default;plugin_config=sqlite_default,42516446.14847599,2191360,2166704,0,0.000148821
2,small,default,sqlite_resilient,run=2;messages=small;batch_size=default;plugin_config=sqlite_resilient,26634859.43375875,2207744,2161200,0,0.002602839
2,mixed,small,mcap_default,run=2;messages=mixed;batch_size=small;plugin_config=mcap_default,42001206.00396764,9547776,5094048,0,0.001339416
2,mixed,small,mcap_uncompressed,run=2;messages=mixed;batch_size=small;plugin_config=mcap_uncompressed,41969754.4682327,5283840,1951712,0,0.001508655
2,mixed,small,mcap_nocrc,run=2;messages=mixed;batch_size=small;plugin_config=mcap_nocrc,211242022.0575383,5283840,1952384,0,0.001351948
2,mixed,small,mcap_nochunking,run=2;messages=mixed;batch_size=small;plugin_config=mcap_nochunking,323604929.64118445,0,29424,0,0.000312763
2,mixed,small,sqlite_default,run=2;messages=mixed;batch_size=small;plugin_config=sqlite_default,50118223.737719074,3276800,2167216,0,0.000159439
2,mixed,small,sqlite_resilient,run=2;messages=mixed;batch_size=small;plugin_config=sqlite_resilient,41914825.713376425,3276800,2161152,0,0.005144948
2,mixed,default,mcap_default,run=2;messages=mixed;batch_size=default;plugin_config=mcap_default,84496909.01140885,9543680,5062000,0,0.001226637
2,mixed,default,mcap_uncompressed,run=2;messages=mixed;batch_size=default;plugin_config=mcap_uncompressed,83070850.18202034,5251072,1919552,0,0.001390879
2,mixed,default,mcap_nocrc,run=2;messages=mixed;batch_size=default;plugin_config=mcap_nocrc,296880846.6816553,5255168,1920272,0,0.001390931
2,mixed,default,mcap_nochunking,run=2;messages=mixed;batch_size=default;plugin_config=mcap_nochunking,827337928.9246548,0,29664,0,0.000260003
2,mixed,default,sqlite_default,run=2;messages=mixed;batch_size=default;plugin_config=sqlite_default,287740879.89154327,3227648,2167472,0,0.000161107
2,mixed,default,sqlite_resilient,run=2;messages=mixed;batch_size=default;plugin_config=sqlite_resilient,87974011.92405163,3227648,2161488,0,0.006142274
3,large,small,mcap_default,run=3;messages=large;batch_size=small;plugin_config=mcap_default,114457851.68694738,999424,1101888,2367488,0.000694265
3,large,small,mcap_uncompressed,run=3;messages=large;batch_size=small;plugin_config=mcap_uncompressed,112924890.8331281,1003520,1102752,0,0.000573569
3,large,small,mcap_nocrc,run=3;messages=large;batch_size=small;plugin_config=mcap_nocrc,1224222911.9894774,999424,1103216,0,0.000593918
3,large,small,mcap_nochunking,run=3;messages=large;batch_size=small;plugin_config=mcap_nochunking,1609982985.8125648,0,28784,0,0.00028858
3,large,small,sqlite_default,run=3;messages=large;batch_size=small;plugin_config=sqlite_default,826415605.5746499,1134592,2167136,0,0.000160102
3,large,small,sqlite_resilient,run=3;messages=large;batch_size=small;plugin_config=sqlite_resilient,355481365.330208,1134592,2161520,0,0.001346569
3,large,default,mcap_default,run=3;messages=large;batch_size=default;plugin_config=mcap_default,114291767.88554095,999424,1101888,2367488,0.000789368
3,large,default,mcap_uncompressed,run=3;messages=large;batch_size=default;plugin_config=mcap_uncompressed,112585162.00904042,1003520,1102752,0,0.000583858
3,large,default,mcap_nocrc,run=3;messages=large;batch_size=default;plugin_config=mcap_nocrc,1212240481.4628093,999424,1103216,0,0.000589552
3,large,default,mcap_nochunking,run=3;messages=large;batch_size=default;plugin_config=mcap_nochunking,1566202184.9119403,0,28784,0,0.000267709
3,large,default,sqlite_default,run=3;messages=large;batch_size=default;plugin_config=sqlite_default,819041070.7190748,1134592,2167136,0,0.000157567
3,large,default,sqlite_resilient,run=3;messages=large;batch_size=default;plugin_config=sqlite_resilient,99821680.0306132,1134592,2161488,0,0.004673026
3,medium,small,mcap_default,run=3;messages=medium;batch_size=small;plugin_config=mcap_default,117942831.1733277,0,150160,3727360,0.000925733
3,medium,small,mcap_uncompressed,run=3;messages=medium;batch_size=small;plugin_config=mcap_uncompressed,117118593.86459418,606208,351264,1286144,0.000983594
3,medium,small,mcap_nocrc,run=3;messages=medium;batch_size=small;plugin_config=mcap_nocrc,2720667160.837041,610304,351744,1286144,0.000940916
3,medium,small,mcap_nochunking,run=3;messages=medium;batch_size=small;plugin_config=mcap_nochunking,1177841761.2361426,0,28720,0,0.000264434
3,medium,small,sqlite_default,run=3;messages=medium;batch_size=small;plugin_config=sqlite_default,202147800.11247528,2162688,2166928,0,0.000267506
3,medium,small,sqlite_resilient,run=3;messages=medium;batch_size=small;plugin_config=sqlite_resilient,138172792.82715863,2031616,2161584,0,0.00784315
3,medium,default,mcap_default,run=3;messages=medium;batch_size=default;plugin_config=mcap_default,115974756.25387374,159744,148112,3727360,0.000933555
3,medium,default,mcap_uncompressed,run=3;messages=medium;batch_size=default;plugin_config=mcap_uncompressed,110785561.12037557,274432,149120,1286144,0.00096423
3,medium,default,mcap_nocrc,run=3;messages=medium;batch_size=default;plugin_config=mcap_nocrc,1068741326.526318,409600,149712,1286144,0.000934815
3,medium,default,mcap_nochunking,run=3;messages=medium;batch_size=default;plugin_config=mcap_nochunking,1138443647.912056,0,28848,0,0.000282843
3,medium,default,sqlite_default,run=3;messages=medium;batch_size=default;plugin_config=sqlite_default,667067879.6595284,2207744,2167520,0,0.00026065
3,medium,default,sqlite_resilient,run=3;messages=medium;batch_size=default;plugin_config=sqlite_resilient,102773777.14208132,2220032,2161648,0,0.001770269
3,small,small,mcap_default,run=3;messages=small;batch_size=small;plugin_config=mcap_default,27745081.763221417,5586944,4015008,0,0.001183171
3,small,small,mcap_uncompressed,run=3;messages=small;batch_size=small;plugin_config=mcap_uncompressed,27698114.768044636,2158592,1367664,0,0.001219219
3,small,small,mcap_nocrc,run=3;messages=small;batch_size=small;plugin_config=mcap_nocrc,40582189.6373306,2162688,1368048,0,0.001264608
3,small,small,mcap_nochunking,run=3;messages=small;batch_size=small;plugin_config=mcap_nochunking,174793780.24057505,0,29168,0,0.000327943
3,small,small,sqlite_default,run=3;messages=small;batch_size=small;plugin_config=sqlite_default,17097368.66582406,2199552,2166704,0,0.000162617
3,small,small,sqlite_resilient,run=3;messages=small;batch_size=small;plugin_config=sqlite_resilient,17664606.10776985,2187264,2161200,0,0.006964517
3,small,default,mcap_default,run=3;messages=small;batch_size=default;plugin_config=mcap_default,27093031.732168216,5566464,4012704,0,0.001143619
3,small,default,mcap_uncompressed,run=3;messages=small;batch_size=default;plugin_config=mcap_uncompressed,26841476.328445572,2162688,1365312,0,0.001233289
3,small,default,mcap_nocrc,run=3;messages=small;batch_size=default;plugin_config=mcap_nocrc,38284207.49674856,2162688,1365552,0,0.001197962
3,small,default,mcap_nochunking,run=3;messages=small;batch_size=default;plugin_config=mcap_nochunking,175294999.87036374,0,29168,0,0.000283814
3,small,default,sqlite_default,run=3;messages=small;batch_size=default;plugin_config=sqlite_default,41993880.48800955,2191360,2166704,0,0.0001537
3,small,default,sqlite_resilient,run=3;messages=small;batch_size=default;plugin_config=sqlite_resilient,31498006.542935155,2207744,2161200,0,0.001978972
3,mixed,small,mcap_default,run=3;messages=mixed;batch_size=small;plugin_config=mcap_default,42155447.507955976,9547776,5094048,0,0.001304416
3,mixed,small,mcap_uncompressed,run=3;messages=mixed;batch_size=small;plugin_config=mcap_uncompressed,38669798.82005878,5283840,1951712,0,0.001545058
3,mixed,small,mcap_nocrc,run=3;messages=mixed;batch_size=small;plugin_config=mcap_nocrc,209706042.02754745,5283840,1952384,0,0.001364042
3,mixed,small,mcap_nochunking,run=3;messages=mixed;batch_size=small;plugin_config=mcap_nochunking,318921258.9596228,0,29424,0,0.000265721
3,mixed,small,sqlite_default,run=3;messages=mixed;batch_size=small;plugin_config=sqlite_default,49801658.49478375,3276800,2167216,0,0.000205635
3,mixed,small,sqlite_resilient,run=3;messages=mixed;batch_size=small;plugin_config=sqlite_resilient,41164657.17340744,3276800,2161152,0,0.007236283
3,mixed,default,mcap_default,run=3;messages=mixed;batch_size=default;plugin_config=mcap_default,84930444.36841574,9543680,5062000,0,0.001253858
3,mixed,default,mcap_uncompressed,run=3;messages=mixed;batch_size=default;plugin_config=mcap_uncompressed,83250522.16586801,5251072,1919552,0,0.001409525
3,mixed,default,mcap_nocrc,run=3;messages=mixed;batch_size=default;plugin_config=mcap_nocrc,296351186.5640599,5255168,1920272,0,0.001358889
3,mixed,default,mcap_nochunking,run=3;messages=mixed;batch_size=default;plugin_config=mcap_nochunking,817216360.3799598,0,29664,0,0.000250419
3,mixed,default,sqlite_default,run=3;messages=mixed;batch_size=default;plugin_config=sqlite_default,285622608.9541618,3227648,2167472,0,0.000159665
3,mixed,default,sqlite_resilient,run=3;messages=mixed;batch_size=default;plugin_config=sqlite_resilient,85946324.57434925,3227648,2161488,0,0.008913448
4,large,small,mcap_default,run=4;messages=large;batch_size=small;plugin_config=mcap_default,114500262.61528136,999424,1101888,2367488,0.000676985
4,large,small,mcap_uncompressed,run=4;messages=large;batch_size=small;plugin_config=mcap_uncompressed,112923096.42699902,1003520,1102752,0,0.00060094
4,large,small,mcap_nocrc,run=4;messages=large;batch_size=small;plugin_config=mcap_nocrc,1222095607.9806645,999424,1103216,0,0.000586033
4,large,small,mcap_nochunking,run=4;messages=large;batch_size=small;plugin_config=mcap_nochunking,1602091762.1944866,0,28784,0,0.000292912
4,large,small,sqlite_default,run=4;messages=large;batch_size=small;plugin_config=sqlite_default,824571923.7718922,1134592,2167136,0,0.000139391
4,large,small,sqlite_resilient,run=4;messages=large;batch_size=small;plugin_config=sqlite_resilient,337460175.0690454,1134592,2161520,0,0.002398812
4,large,default,mcap_default,run=4;messages=large;batch_size=default;plugin_config=mcap_default,114506339.60904188,999424,1101888,2367488,0.000708634
4,large,default,mcap_uncompressed,run=4;messages=large;batch_size=default;plugin_config=mcap_uncompressed,112423680.36452648,1003520,1102752,0,0.000579183
4,large,default,mcap_nocrc,run=4;messages=large;batch_size=default;plugin_config=mcap_nocrc,1218537434.1990674,999424,1103216,0,0.000592836
4,large,default,mcap_nochunking,run=4;messages=large;batch_size=default;plugin_config=mcap_nochunking,1581026632.2249484,0,28784,0,0.000297846
4,large,default,sqlite_default,run=4;messages=large;batch_size=default;plugin_config=sqlite_default,820404911.8698301,1134592,2167136,0,0.0001775
4,large,default,sqlite_resilient,run=4;messages=large;batch_size=default;plugin_config=sqlite_resilient,101555123.72110856,1134592,2161488,0,0.002822462
4,medium,small,mcap_default,run=4;messages=medium;batch_size=small;plugin_config=mcap_default,118023204.78039068,0,150160,3727360,0.000911377
4,medium,small,mcap_uncompressed,run=4;messages=medium;batch_size=small;plugin_config=mcap_uncompressed,117621879.32169092,606208,351264,1286144,0.001006936
4,medium,small,mcap_nocrc,run=4;messages=medium;batch_size=small;plugin_config=mcap_nocrc,2731122486.5667095,610304,351744,1286144,0.000959369
4,medium,small,mcap_nochunking,run=4;messages=medium;batch_size=small;plugin_config=mcap_nochunking,1166384673.065713,0,28720,0,0.000296221
4,medium,small,sqlite_default,run=4;messages=medium;batch_size=small;plugin_config=sqlite_default,202509941.57522607,2162688,2166928,0,0.000302006
4,medium,small,sqlite_resilient,run=4;messages=medium;batch_size=small;plugin_config=sqlite_resilient,141834423.34473532,2031616,2161584,0,0.009377914
4,medium,default,mcap_default,run=4;messages=medium;batch_size=default;plugin_config=mcap_default,115855962.71122235,159744,148112,3727360,0.000928617
4,medium,default,mcap_uncompressed,run=4;messages=medium;batch_size=default;plugin_config=mcap_uncompressed,110653159.85699743,274432,149120,1286144,0.000985621
4,medium,default,mcap_nocrc,run=4;messages=medium;batch_size=default;plugin_config=mcap_nocrc,1061104842.9261361,409600,149712,1286144,0.00096656
4,medium,default,mcap_nochunking,run=4;messages=medium;batch_size=default;plugin_config=mcap_nochunking,1126478496.4732544,0,28848,0,0.000289859
4,medium,default,sqlite_default,run=4;messages=medium;batch_size=default;plugin_config=sqlite_default,685156475.6880127,2207744,2167520,0,0.000247082
4,medium,default,sqlite_resilient,run=4;messages=medium;batch_size=default;plugin_config=sqlite_resilient,110676989.47853477,2220032,2161648,0,0.002305373
4,small,small,mcap_default,run=4;messages=small;batch_size=small;plugin_config=mcap_default,27832841.47145544,5586944,4015008,0,0.001172482
4,small,small,mcap_uncompressed,run=4;messages=small;batch_size=small;plugin_config=mcap_uncompressed,27767543.824228402,2158592,1367664,0,0.001268878
4,small,small,mcap_nocrc,run=4;messages=small;batch_size=small;plugin_config=mcap_nocrc,40046895.22948613,2162688,1368048,0,0.001368702
4,small,small,mcap_nochunking,run=4;messages=small;batch_size=small;plugin_config=mcap_nochunking,174806635.99922907,0,29168,0,0.000338256
4,small,small,sqlite_default,run=4;messages=small;batch_size=small;plugin_config=sqlite_default,17285848.52803647,2199552,2166704,0,0.000178418
4,small,small,sqlite_resilient,run=4;messages=small;batch_size=small;plugin_config=sqlite_resilient,17869078.370080516,2187264,2161200,0,0.010824952
4,small,default,mcap_default,run=4;messages=small;batch_size=default;plugin_config=mcap_default,27241091.381485257,5566464,4012704,0,0.001162738
4,small,default,mcap_uncompressed,run=4;messages=small;batch_size=default;plugin_config=mcap_uncompressed,26337059.586482253,2162688,1365312,0,0.001229589
4,small,default,mcap_nocrc,run=4;messages=small;batch_size=default;plugin_config=mcap_nocrc,37277899.64241086,2162688,1365552,0,0.001219039
4,small,default,mcap_nochunking,run=4;messages=small;batch_size=default;plugin_config=mcap_nochunking,175594854.12749043,0,29168,0,0.000259982
4,small,default,sqlite_default,run=4;messages=small;batch_size=default;plugin_config=sqlite_default,42735729.1443692,2191360,2166704,0,0.000149344
4,small,default,sqlite_resilient,run=4;messages=small;batch_size=default;plugin_config=sqlite_resilient,31390031.420608554,2207744,2161200,0,0.005556211
4,mixed,small,mcap_default,run=4;messages=mixed;batch_size=small;plugin_config=mcap_default,42154668.688473746,9547776,5094048,0,0.001321777
4,mixed,small,mcap_uncompressed,run=4;messages=mixed;batch_size=small;plugin_config=mcap_uncompressed,42142919.94202485,5283840,1951712,0,0.001518547
4,mixed,small,mcap_nocrc,run=4;messages=mixed;batch_size=small;plugin_config=mcap_nocrc,210830457.3529456,5283840,1952384,0,0.001377822
4,mixed,small,mcap_nochunking,run=4;messages=mixed;batch_size=small;plugin_config=mcap_nochunking,318048496.0452806,0,29424,0,0.000280589
4,mixed,small,sqlite_default,run=4;messages=mixed;batch_size=small;plugin_config=sqlite_default,49981076.23272655,3276800,2167216,0,0.000217705
4,mixed,small,sqlite_resilient,run=4;messages=mixed;batch_size=small;plugin_config=sqlite_resilient,42456448.00297906,3276800,2161152,0,0.00608259
4,mixed,default,mcap_default,run=4;messages=mixed;batch_size=default;plugin_config=mcap_default,84639815.6752462,9543680,5062000,0,0.001261939
4,mixed,default,mcap_uncompressed,run=4;messages=mixed;batch_size=default;plugin_config=mcap_uncompressed,82893381.32229412,5251072,1919552,0,0.001363233
4,mixed,default,mcap_nocrc,run=4;messages=mixed;batch_size=default;plugin_config=mcap_nocrc,295333842.42686313,5255168,1920272,0,0.001454526
4,mixed,default,mcap_nochunking,run=4;messages=mixed;batch_size=default;plugin_config=mcap_nochunking,828581479.7421875,0,29664,0,0.000282346
4,mixed,default,sqlite_default,run=4;messages=mixed;batch_size=default;plugin_config=sqlite_default,287019429.02801234,3227648,2167472,0,0.000137202
4,mixed,default,sqlite_resilient,run=4;messages=mixed;batch_size=default;plugin_config=sqlite_resilient,89555948.57744187,3227648,2161488,0,0.005279128
